{
  "lib/main.dart": 1775651698.6750183,
  "lib/app.dart": 1775651914.1114604,
  "lib/core/database/database_helper.dart": 1774559558.2732959,
  "lib/core/providers/daily_log_provider.dart": 1775647724.3572197,
  "lib/core/providers/period_provider.dart": 1775647724.3590379,
  "lib/core/providers/settings_provider.dart": 1775647724.360375,
  "lib/core/models/period_model.dart": 1774551122.4121382,
  "lib/core/models/settings_model.dart": 1775647724.3551366,
  "lib/core/models/daily_log_model.dart": 1775647724.353795,
  "lib/core/theme/app_theme.dart": 1775647724.3705688,
  "lib/core/services/share_service.dart": 1775649287.411984,
  "lib/core/services/notification_service.dart": 1775655591.4032862,
  "lib/core/services/demo_data_service.dart": 1776864021.1322012,
  "lib/core/widgets/mood_selector.dart": 1774554000.533407,
  "lib/core/widgets/phase_card.dart": 1775647724.3757155,
  "lib/core/widgets/flow_selector.dart": 1775647724.373372,
  "lib/core/widgets/stat_card.dart": 1775647724.3763354,
  "lib/core/widgets/symptom_chips.dart": 1775647724.3773668,
  "lib/core/router/app_router.dart": 1775647816.8824184,
  "lib/features/insights/insights_view.dart": 1775647724.54978,
  "lib/features/home/doctor_view.dart": 1775647724.5108602,
  "lib/features/home/cycle_ring.dart": 1775647724.4975102,
  "lib/features/home/birthday_overlay.dart": 1775647724.4944708,
  "lib/features/home/home_screen.dart": 1775649740.9326978,
  "lib/features/yoga/yoga_screen.dart": 1775650357.383155,
  "lib/features/yoga/models/yoga_data.dart": 1775649212.9126124,
  "lib/features/calendar/calendar_view.dart": 1775647724.4197068,
  "lib/features/shell/shell_screen.dart": 1775647880.526795,
  "lib/features/profile/profile_screen.dart": 1776864121.0798256,
  "lib/features/profile/domain/services/backup_service.dart": 1775647724.5850317,
  "lib/features/history/history_view.dart": 1775647724.4869013,
  "lib/features/logging/doctor_checklist.dart": 1775647724.5544903,
  "lib/features/logging/log_bottom_sheet.dart": 1775650225.6375914,
  "lib/features/onboarding/step_cycle_length.dart": 1775647724.5753958,
  "lib/features/onboarding/onboarding_screen.dart": 1776864058.700718,
  "lib/features/onboarding/step_last_period.dart": 1775647724.5796742,
  "lib/features/onboarding/step_period_length.dart": 1775647724.582488,
  "lib/features/analytics/analytics_screen.dart": 1775647724.4012902,
  "lib/features/diagnosis/diagnosis_screen.dart": 1775647724.483561,
  "lib/services/ollama_service.dart": 1775647724.6161363,
  "lib/services/lstm_service.dart": 1775647724.6143596,
  "lib/services/ai_diagnosis_provider.dart": 1775647724.6128442
}